Latitude,Longitude,Taxon.Name,Locality,Data.Institution,Collection.ID
22.21572800136343,-159.5799011,Ochrosia kauaiensis,"for testing purposes only, locality data removed, non-listed species, gps data anonymized 1",sample institution 1,abc123
22.216122704896655,-159.5753226,Ochrosia kauaiensis,"for testing purposes only, locality data removed, non-listed species, gps data anonymized 2",sample institution 2,abc124
22.21595213278824,-159.5818227,Ochrosia kauaiensis,"for testing purposes only, locality data removed, non-listed species, gps data anonymized 3",sample institution 3,abc125
22.215234788822226,-159.5788994,Ochrosia kauaiensis,"for testing purposes only, locality data removed, non-listed species, gps data anonymized 1",sample institution 1,abc126
22.21508410804849,-159.5752934,Ochrosia kauaiensis,"for testing purposes only, locality data removed, non-listed species, gps data anonymized 2",sample institution 2,abc127
22.21513185676512,-159.5755902,Ochrosia kauaiensis,"for testing purposes only, locality data removed, non-listed species, gps data anonymized 3",sample institution 3,abc128
22.215238102472668,-159.5757067,Ochrosia kauaiensis,"for testing purposes only, locality data removed, non-listed species, gps data anonymized 1",sample institution 1,abc129
22.21532848358944,-159.5753553,Ochrosia kauaiensis,"for testing purposes only, locality data removed, non-listed species, gps data anonymized 2",sample institution 2,abc130
22.215075995868784,-159.5751929,Ochrosia kauaiensis,"for testing purposes only, locality data removed, non-listed species, gps data anonymized 3",sample institution 3,abc131
22.214681843223595,-159.5749574,Ochrosia kauaiensis,"for testing purposes only, locality data removed, non-listed species, gps data anonymized 1",sample institution 1,abc132
22.21422541297821,-159.5751676,Ochrosia kauaiensis,"for testing purposes only, locality data removed, non-listed species, gps data anonymized 2",sample institution 2,abc133
22.21303859714589,-159.5800941,Ochrosia kauaiensis,"for testing purposes only, locality data removed, non-listed species, gps data anonymized 3",sample institution 3,abc134
22.212558987733036,-159.5805386,Ochrosia kauaiensis,"for testing purposes only, locality data removed, non-listed species, gps data anonymized 1",sample institution 1,abc135
22.21267416067764,-159.5795888,Ochrosia kauaiensis,"for testing purposes only, locality data removed, non-listed species, gps data anonymized 2",sample institution 2,abc136
22.21164445791491,-159.5756821,Ochrosia kauaiensis,"for testing purposes only, locality data removed, non-listed species, gps data anonymized 3",sample institution 3,abc137
22.209772091993905,-159.5802157,Ochrosia kauaiensis,"for testing purposes only, locality data removed, non-listed species, gps data anonymized 1",sample institution 1,abc138
22.209802669364336,-159.5767387,Ochrosia kauaiensis,"for testing purposes only, locality data removed, non-listed species, gps data anonymized 2",sample institution 2,abc139
22.209525290280155,-159.5771987,Ochrosia kauaiensis,"for testing purposes only, locality data removed, non-listed species, gps data anonymized 3",sample institution 3,abc140
22.20948098808015,-159.576663,Ochrosia kauaiensis,"for testing purposes only, locality data removed, non-listed species, gps data anonymized 1",sample institution 1,abc141
22.208952427525876,-159.5811951,Ochrosia kauaiensis,"for testing purposes only, locality data removed, non-listed species, gps data anonymized 2",sample institution 2,abc142
22.208143817147086,-159.5822336,Ochrosia kauaiensis,"for testing purposes only, locality data removed, non-listed species, gps data anonymized 3",sample institution 3,abc143
22.208612890009082,-159.5820344,Ochrosia kauaiensis,"for testing purposes only, locality data removed, non-listed species, gps data anonymized 1",sample institution 1,abc144
22.208727321807118,-159.5826038,Ochrosia kauaiensis,"for testing purposes only, locality data removed, non-listed species, gps data anonymized 2",sample institution 2,abc145
22.207755516662232,-159.5820365,Ochrosia kauaiensis,"for testing purposes only, locality data removed, non-listed species, gps data anonymized 3",sample institution 3,abc146
22.206247590798377,-159.5835962,Ochrosia kauaiensis,"for testing purposes only, locality data removed, non-listed species, gps data anonymized 1",sample institution 1,abc147
22.20657731852115,-159.6029184,Ochrosia kauaiensis,"for testing purposes only, locality data removed, non-listed species, gps data anonymized 2",sample institution 2,abc148
22.20512801206441,-159.5829304,Ochrosia kauaiensis,"for testing purposes only, locality data removed, non-listed species, gps data anonymized 3",sample institution 3,abc149
22.205318560048145,-159.5816731,Ochrosia kauaiensis,"for testing purposes only, locality data removed, non-listed species, gps data anonymized 1",sample institution 1,abc150
22.204991110428185,-159.598131,Ochrosia kauaiensis,"for testing purposes only, locality data removed, non-listed species, gps data anonymized 2",sample institution 2,abc151
22.19916562250014,-159.6048391,Ochrosia kauaiensis,"for testing purposes only, locality data removed, non-listed species, gps data anonymized 3",sample institution 3,abc152
22.19964068734172,-159.6051114,Ochrosia kauaiensis,"for testing purposes only, locality data removed, non-listed species, gps data anonymized 1",sample institution 1,abc153
22.199299472154912,-159.6062573,Ochrosia kauaiensis,"for testing purposes only, locality data removed, non-listed species, gps data anonymized 2",sample institution 2,abc154
22.199304198070546,-159.6064986,Ochrosia kauaiensis,"for testing purposes only, locality data removed, non-listed species, gps data anonymized 3",sample institution 3,abc155
22.199576018806408,-159.6056814,Ochrosia kauaiensis,"for testing purposes only, locality data removed, non-listed species, gps data anonymized 1",sample institution 1,abc156
22.19937174083917,-159.6056316,Ochrosia kauaiensis,"for testing purposes only, locality data removed, non-listed species, gps data anonymized 2",sample institution 2,abc157
22.20002481251983,-159.6041676,Ochrosia kauaiensis,"for testing purposes only, locality data removed, non-listed species, gps data anonymized 3",sample institution 3,abc158
22.19847370329913,-159.6059769,Ochrosia kauaiensis,"for testing purposes only, locality data removed, non-listed species, gps data anonymized 1",sample institution 1,abc159
22.19912008277759,-159.6054163,Ochrosia kauaiensis,"for testing purposes only, locality data removed, non-listed species, gps data anonymized 2",sample institution 2,abc160
22.19919727508831,-159.6059497,Ochrosia kauaiensis,"for testing purposes only, locality data removed, non-listed species, gps data anonymized 3",sample institution 3,abc161
22.19865145616281,-159.6061315,Ochrosia kauaiensis,"for testing purposes only, locality data removed, non-listed species, gps data anonymized 1",sample institution 1,abc162
22.19894921883973,-159.6052831,Ochrosia kauaiensis,"for testing purposes only, locality data removed, non-listed species, gps data anonymized 2",sample institution 2,abc163
22.19879068448177,-159.5981086,Ochrosia kauaiensis,"for testing purposes only, locality data removed, non-listed species, gps data anonymized 3",sample institution 3,abc164
22.198538064832896,-159.6083177,Ochrosia kauaiensis,"for testing purposes only, locality data removed, non-listed species, gps data anonymized 1",sample institution 1,abc165
22.19811198,-159.5995892,Ochrosia kauaiensis,"for testing purposes only, locality data removed, non-listed species, gps data anonymized 2",sample institution 2,abc166
22.197619507771464,-159.5969142,Ochrosia kauaiensis,"for testing purposes only, locality data removed, non-listed species, gps data anonymized 3",sample institution 3,abc167
22.198091989730393,-159.5974395,Ochrosia kauaiensis,"for testing purposes only, locality data removed, non-listed species, gps data anonymized 1",sample institution 1,abc168
22.197639471227223,-159.5988337,Ochrosia kauaiensis,"for testing purposes only, locality data removed, non-listed species, gps data anonymized 2",sample institution 2,abc169
22.19737909351226,-159.5974307,Ochrosia kauaiensis,"for testing purposes only, locality data removed, non-listed species, gps data anonymized 3",sample institution 3,abc170
22.19722399927894,-159.5968804,Ochrosia kauaiensis,"for testing purposes only, locality data removed, non-listed species, gps data anonymized 1",sample institution 1,abc171
22.197230956541908,-159.5980052,Ochrosia kauaiensis,"for testing purposes only, locality data removed, non-listed species, gps data anonymized 2",sample institution 2,abc172
22.197046427099647,-159.5981774,Ochrosia kauaiensis,"for testing purposes only, locality data removed, non-listed species, gps data anonymized 3",sample institution 3,abc173
22.197515656996387,-159.5974037,Ochrosia kauaiensis,"for testing purposes only, locality data removed, non-listed species, gps data anonymized 1",sample institution 1,abc174
22.19771015873422,-159.5981813,Ochrosia kauaiensis,"for testing purposes only, locality data removed, non-listed species, gps data anonymized 2",sample institution 2,abc175
22.19697124417595,-159.5972283,Ochrosia kauaiensis,"for testing purposes only, locality data removed, non-listed species, gps data anonymized 3",sample institution 3,abc176
22.19650041018502,-159.5973485,Ochrosia kauaiensis,"for testing purposes only, locality data removed, non-listed species, gps data anonymized 1",sample institution 1,abc177
22.19742372634408,-159.5981108,Ochrosia kauaiensis,"for testing purposes only, locality data removed, non-listed species, gps data anonymized 2",sample institution 2,abc178
22.197188089986703,-159.597528,Ochrosia kauaiensis,"for testing purposes only, locality data removed, non-listed species, gps data anonymized 3",sample institution 3,abc179
22.197102312270726,-159.598163,Ochrosia kauaiensis,"for testing purposes only, locality data removed, non-listed species, gps data anonymized 1",sample institution 1,abc180
22.197431930923138,-159.5975005,Ochrosia kauaiensis,"for testing purposes only, locality data removed, non-listed species, gps data anonymized 2",sample institution 2,abc181
22.197077866657636,-159.5975866,Ochrosia kauaiensis,"for testing purposes only, locality data removed, non-listed species, gps data anonymized 3",sample institution 3,abc182
22.19644417950108,-159.5982518,Ochrosia kauaiensis,"for testing purposes only, locality data removed, non-listed species, gps data anonymized 1",sample institution 1,abc183
22.19642460759854,-159.5977741,Ochrosia kauaiensis,"for testing purposes only, locality data removed, non-listed species, gps data anonymized 2",sample institution 2,abc184
22.19676083176742,-159.5977558,Ochrosia kauaiensis,"for testing purposes only, locality data removed, non-listed species, gps data anonymized 3",sample institution 3,abc185
22.197059635674375,-159.5978087,Ochrosia kauaiensis,"for testing purposes only, locality data removed, non-listed species, gps data anonymized 1",sample institution 1,abc186
22.196462148996993,-159.5987849,Ochrosia kauaiensis,"for testing purposes only, locality data removed, non-listed species, gps data anonymized 2",sample institution 2,abc187
22.196967434236413,-159.5986509,Ochrosia kauaiensis,"for testing purposes only, locality data removed, non-listed species, gps data anonymized 3",sample institution 3,abc188
22.19587835458004,-159.5985892,Ochrosia kauaiensis,"for testing purposes only, locality data removed, non-listed species, gps data anonymized 1",sample institution 1,abc189
22.196540098069605,-159.598557,Ochrosia kauaiensis,"for testing purposes only, locality data removed, non-listed species, gps data anonymized 2",sample institution 2,abc190
22.197303973670763,-159.5992126,Ochrosia kauaiensis,"for testing purposes only, locality data removed, non-listed species, gps data anonymized 3",sample institution 3,abc191
22.197050997869017,-159.5984093,Ochrosia kauaiensis,"for testing purposes only, locality data removed, non-listed species, gps data anonymized 1",sample institution 1,abc192
22.196306172986414,-159.5989697,Ochrosia kauaiensis,"for testing purposes only, locality data removed, non-listed species, gps data anonymized 2",sample institution 2,abc193
22.19582565649567,-159.6150203,Ochrosia kauaiensis,"for testing purposes only, locality data removed, non-listed species, gps data anonymized 3",sample institution 3,abc194
22.19603278492769,-159.6146579,Ochrosia kauaiensis,"for testing purposes only, locality data removed, non-listed species, gps data anonymized 1",sample institution 1,abc195
22.195535135998316,-159.6151108,Ochrosia kauaiensis,"for testing purposes only, locality data removed, non-listed species, gps data anonymized 2",sample institution 2,abc196
22.19566118889935,-159.6142166,Ochrosia kauaiensis,"for testing purposes only, locality data removed, non-listed species, gps data anonymized 3",sample institution 3,abc197
22.195385925955065,-159.6142141,Ochrosia kauaiensis,"for testing purposes only, locality data removed, non-listed species, gps data anonymized 1",sample institution 1,abc198
22.19424703212202,-159.5922037,Ochrosia kauaiensis,"for testing purposes only, locality data removed, non-listed species, gps data anonymized 2",sample institution 2,abc199
22.193719233892583,-159.5909012,Ochrosia kauaiensis,"for testing purposes only, locality data removed, non-listed species, gps data anonymized 3",sample institution 3,abc200
22.193935784394633,-159.5920595,Ochrosia kauaiensis,"for testing purposes only, locality data removed, non-listed species, gps data anonymized 1",sample institution 1,abc201
22.19027576467042,-159.590203,Ochrosia kauaiensis,"for testing purposes only, locality data removed, non-listed species, gps data anonymized 2",sample institution 2,abc202
22.187510147425517,-159.6294272,Ochrosia kauaiensis,"for testing purposes only, locality data removed, non-listed species, gps data anonymized 3",sample institution 3,abc203
22.186485048246766,-159.6289166,Ochrosia kauaiensis,"for testing purposes only, locality data removed, non-listed species, gps data anonymized 1",sample institution 1,abc204
22.155460833727314,-159.3419643,Ochrosia kauaiensis,"for testing purposes only, locality data removed, non-listed species, gps data anonymized 2",sample institution 2,abc205
22.15399938311061,-159.3370538,Ochrosia kauaiensis,"for testing purposes only, locality data removed, non-listed species, gps data anonymized 3",sample institution 3,abc206
22.15477015242292,-159.3355916,Ochrosia kauaiensis,"for testing purposes only, locality data removed, non-listed species, gps data anonymized 1",sample institution 1,abc207
22.153932496288718,-159.3364199,Ochrosia kauaiensis,"for testing purposes only, locality data removed, non-listed species, gps data anonymized 2",sample institution 2,abc208
22.109856705798894,-159.3918922,Pritchardia flynnii,"for testing purposes only, locality data removed, non-listed species, gps data anonymized 3",sample institution 3,abc209
22.109529984022746,-159.390745,Pritchardia flynnii,"for testing purposes only, locality data removed, non-listed species, gps data anonymized 1",sample institution 1,abc210
22.102302539223146,-159.4454198,Pritchardia flynnii,"for testing purposes only, locality data removed, non-listed species, gps data anonymized 2",sample institution 2,abc211
21.997165512079263,-159.5677495,Pritchardia flynnii,"for testing purposes only, locality data removed, non-listed species, gps data anonymized 3",sample institution 3,abc212
21.98927882469098,-159.5046609,Pritchardia flynnii,"for testing purposes only, locality data removed, non-listed species, gps data anonymized 1",sample institution 1,abc213
21.98849777492913,-159.5006887,Pritchardia flynnii,"for testing purposes only, locality data removed, non-listed species, gps data anonymized 2",sample institution 2,abc214
21.988201808319605,-159.5065855,Pritchardia flynnii,"for testing purposes only, locality data removed, non-listed species, gps data anonymized 3",sample institution 3,abc215
21.98755879796987,-159.5074728,Pritchardia flynnii,"for testing purposes only, locality data removed, non-listed species, gps data anonymized 1",sample institution 1,abc216
21.987870960162663,-159.5073503,Pritchardia flynnii,"for testing purposes only, locality data removed, non-listed species, gps data anonymized 2",sample institution 2,abc217
21.987169925676543,-159.5072913,Pritchardia flynnii,"for testing purposes only, locality data removed, non-listed species, gps data anonymized 1",sample institution 1,abc218
21.988063277917558,-159.5074251,Pritchardia flynnii,"for testing purposes only, locality data removed, non-listed species, gps data anonymized 2",sample institution 2,abc219
21.98789146492923,-159.5070415,Pritchardia flynnii,"for testing purposes only, locality data removed, non-listed species, gps data anonymized 3",sample institution 3,abc220
21.98731105838627,-159.5069815,Pritchardia flynnii,"for testing purposes only, locality data removed, non-listed species, gps data anonymized 1",sample institution 1,abc221
21.986437802347858,-159.5007445,Pritchardia flynnii,"for testing purposes only, locality data removed, non-listed species, gps data anonymized 2",sample institution 2,abc222
21.985104925337506,-159.5011555,Pritchardia flynnii,"for testing purposes only, locality data removed, non-listed species, gps data anonymized 3",sample institution 3,abc223
21.985116776354545,-159.5060928,Pritchardia flynnii,"for testing purposes only, locality data removed, non-listed species, gps data anonymized 1",sample institution 1,abc224
21.98469486578336,-159.505961,Pritchardia flynnii,"for testing purposes only, locality data removed, non-listed species, gps data anonymized 2",sample institution 2,abc225
21.98417125051503,-159.4996283,Pritchardia flynnii,"for testing purposes only, locality data removed, non-listed species, gps data anonymized 3",sample institution 3,abc226
21.98320849,-159.5090568,Pritchardia flynnii,"for testing purposes only, locality data removed, non-listed species, gps data anonymized 1",sample institution 1,abc227
21.983810307146808,-159.5084197,Pritchardia flynnii,"for testing purposes only, locality data removed, non-listed species, gps data anonymized 2",sample institution 2,abc228
21.98261802441269,-159.5086734,Pritchardia flynnii,"for testing purposes only, locality data removed, non-listed species, gps data anonymized 3",sample institution 3,abc229
21.978789038344186,-159.502812,Pritchardia flynnii,"for testing purposes only, locality data removed, non-listed species, gps data anonymized 1",sample institution 1,abc230
21.978815594006058,-159.5014404,Pritchardia flynnii,"for testing purposes only, locality data removed, non-listed species, gps data anonymized 2",sample institution 2,abc231
21.977595220387293,-159.5032469,Pritchardia flynnii,"for testing purposes only, locality data removed, non-listed species, gps data anonymized 3",sample institution 3,abc232
21.97315578218271,-159.4959448,Pritchardia flynnii,"for testing purposes only, locality data removed, non-listed species, gps data anonymized 1",sample institution 1,abc233
21.972620041253084,-159.4954823,Pritchardia flynnii,"for testing purposes only, locality data removed, non-listed species, gps data anonymized 2",sample institution 2,abc234
21.973026954352193,-159.4907531,Pritchardia flynnii,"for testing purposes only, locality data removed, non-listed species, gps data anonymized 3",sample institution 3,abc235
21.969650359569304,-159.4946287,Pritchardia flynnii,"for testing purposes only, locality data removed, non-listed species, gps data anonymized 1",sample institution 1,abc236
21.969024839617173,-159.495566,Pritchardia flynnii,"for testing purposes only, locality data removed, non-listed species, gps data anonymized 2",sample institution 2,abc237
21.969323864429796,-159.4950808,Pritchardia flynnii,"for testing purposes only, locality data removed, non-listed species, gps data anonymized 3",sample institution 3,abc238
21.96928557402825,-159.495654,Pritchardia flynnii,"for testing purposes only, locality data removed, non-listed species, gps data anonymized 1",sample institution 1,abc239
21.96948914260587,-159.4954026,Pritchardia flynnii,"for testing purposes only, locality data removed, non-listed species, gps data anonymized 2",sample institution 2,abc240
21.970174715077032,-159.4959963,Pritchardia flynnii,"for testing purposes only, locality data removed, non-listed species, gps data anonymized 3",sample institution 3,abc241
21.96979371038639,-159.4954146,Pritchardia flynnii,"for testing purposes only, locality data removed, non-listed species, gps data anonymized 1",sample institution 1,abc242
21.969322255645654,-159.4959321,Pritchardia flynnii,"for testing purposes only, locality data removed, non-listed species, gps data anonymized 2",sample institution 2,abc243
21.96951474856276,-159.495726,Pritchardia flynnii,"for testing purposes only, locality data removed, non-listed species, gps data anonymized 3",sample institution 3,abc244
21.969268070239078,-159.4949752,Pritchardia flynnii,"for testing purposes only, locality data removed, non-listed species, gps data anonymized 1",sample institution 1,abc245
21.969089255594653,-159.4961561,Pritchardia flynnii,"for testing purposes only, locality data removed, non-listed species, gps data anonymized 2",sample institution 2,abc246
21.970010648318226,-159.4956877,Pritchardia flynnii,"for testing purposes only, locality data removed, non-listed species, gps data anonymized 3",sample institution 3,abc247
21.965204546442585,-159.501407,Pritchardia flynnii,"for testing purposes only, locality data removed, non-listed species, gps data anonymized 1",sample institution 1,abc248
21.96533384,-159.5017154,Pritchardia flynnii,"for testing purposes only, locality data removed, non-listed species, gps data anonymized 2",sample institution 2,abc249
21.965705195397764,-159.5019081,Pritchardia flynnii,"for testing purposes only, locality data removed, non-listed species, gps data anonymized 3",sample institution 3,abc250
21.96533566670215,-159.5022042,Pritchardia flynnii,"for testing purposes only, locality data removed, non-listed species, gps data anonymized 1",sample institution 1,abc251
21.96522791628849,-159.5018259,Pritchardia flynnii,"for testing purposes only, locality data removed, non-listed species, gps data anonymized 2",sample institution 2,abc252
21.965690059104617,-159.4943281,Pritchardia flynnii,"for testing purposes only, locality data removed, non-listed species, gps data anonymized 3",sample institution 3,abc253
21.96490542227551,-159.501311,Pritchardia flynnii,"for testing purposes only, locality data removed, non-listed species, gps data anonymized 1",sample institution 1,abc254
22.189632808974256,-159.6033492,Pritchardia minor,"for testing purposes only, locality data removed, non-listed species, gps data anonymized 2",sample institution 2,abc255
22.15944451736642,-159.6329945,Pritchardia minor,"for testing purposes only, locality data removed, non-listed species, gps data anonymized 3",sample institution 3,abc256
22.15943818,-159.627779,Pritchardia minor,"for testing purposes only, locality data removed, non-listed species, gps data anonymized 1",sample institution 1,abc257
22.159507120068834,-159.6584899,Pritchardia minor,"for testing purposes only, locality data removed, non-listed species, gps data anonymized 2",sample institution 2,abc258
22.15911847228292,-159.6561944,Pritchardia minor,"for testing purposes only, locality data removed, non-listed species, gps data anonymized 3",sample institution 3,abc259
22.157418202390875,-159.6276516,Pritchardia minor,"for testing purposes only, locality data removed, non-listed species, gps data anonymized 1",sample institution 1,abc260
22.157685399420668,-159.6274729,Pritchardia minor,"for testing purposes only, locality data removed, non-listed species, gps data anonymized 2",sample institution 2,abc261
22.157381328660758,-159.6276959,Pritchardia minor,"for testing purposes only, locality data removed, non-listed species, gps data anonymized 3",sample institution 3,abc262
22.15742261572223,-159.6274608,Pritchardia minor,"for testing purposes only, locality data removed, non-listed species, gps data anonymized 1",sample institution 1,abc263
22.157493732541294,-159.6276838,Pritchardia minor,"for testing purposes only, locality data removed, non-listed species, gps data anonymized 2",sample institution 2,abc264
22.156578337744328,-159.6271976,Pritchardia minor,"for testing purposes only, locality data removed, non-listed species, gps data anonymized 3",sample institution 3,abc265
22.157723314988683,-159.6277359,Pritchardia minor,"for testing purposes only, locality data removed, non-listed species, gps data anonymized 1",sample institution 1,abc266
22.155324687395566,-159.6272115,Pritchardia minor,"for testing purposes only, locality data removed, non-listed species, gps data anonymized 2",sample institution 2,abc267
22.153705978693587,-159.6275539,Pritchardia minor,"for testing purposes only, locality data removed, non-listed species, gps data anonymized 3",sample institution 3,abc268
22.15360190050429,-159.6277316,Pritchardia minor,"for testing purposes only, locality data removed, non-listed species, gps data anonymized 1",sample institution 1,abc269
22.15326924681115,-159.6280193,Pritchardia minor,"for testing purposes only, locality data removed, non-listed species, gps data anonymized 2",sample institution 2,abc270
22.15388338725794,-159.6277634,Pritchardia minor,"for testing purposes only, locality data removed, non-listed species, gps data anonymized 3",sample institution 3,abc271
22.153413068082635,-159.6272489,Pritchardia minor,"for testing purposes only, locality data removed, non-listed species, gps data anonymized 1",sample institution 1,abc272
22.153538266557714,-159.6274534,Pritchardia minor,"for testing purposes only, locality data removed, non-listed species, gps data anonymized 2",sample institution 2,abc273
22.153983070465642,-159.6279604,Pritchardia minor,"for testing purposes only, locality data removed, non-listed species, gps data anonymized 3",sample institution 3,abc274
22.153783212699196,-159.6275635,Pritchardia minor,"for testing purposes only, locality data removed, non-listed species, gps data anonymized 1",sample institution 1,abc275
22.153093777127154,-159.6270097,Pritchardia minor,"for testing purposes only, locality data removed, non-listed species, gps data anonymized 2",sample institution 2,abc276
22.15356115701153,-159.6283379,Pritchardia minor,"for testing purposes only, locality data removed, non-listed species, gps data anonymized 3",sample institution 3,abc277
22.153856491070023,-159.6274603,Pritchardia minor,"for testing purposes only, locality data removed, non-listed species, gps data anonymized 1",sample institution 1,abc278
22.15336357,-159.6282178,Pritchardia minor,"for testing purposes only, locality data removed, non-listed species, gps data anonymized 2",sample institution 2,abc279
22.152924087400883,-159.641018,Pritchardia minor,"for testing purposes only, locality data removed, non-listed species, gps data anonymized 3",sample institution 3,abc280
22.153196323027274,-159.6333496,Pritchardia minor,"for testing purposes only, locality data removed, non-listed species, gps data anonymized 1",sample institution 1,abc281
22.15327756,-159.6397008,Pritchardia minor,"for testing purposes only, locality data removed, non-listed species, gps data anonymized 2",sample institution 2,abc282
22.15232684921983,-159.6279248,Pritchardia minor,"for testing purposes only, locality data removed, non-listed species, gps data anonymized 3",sample institution 3,abc283
22.15292998557566,-159.6283361,Pritchardia minor,"for testing purposes only, locality data removed, non-listed species, gps data anonymized 1",sample institution 1,abc284
22.151876599379676,-159.6285299,Pritchardia minor,"for testing purposes only, locality data removed, non-listed species, gps data anonymized 2",sample institution 2,abc285
22.152930854930005,-159.6273117,Pritchardia minor,"for testing purposes only, locality data removed, non-listed species, gps data anonymized 3",sample institution 3,abc286
22.152824991276592,-159.6288668,Pritchardia minor,"for testing purposes only, locality data removed, non-listed species, gps data anonymized 1",sample institution 1,abc287
22.151985523368563,-159.6277958,Pritchardia minor,"for testing purposes only, locality data removed, non-listed species, gps data anonymized 2",sample institution 2,abc288
22.15242038,-159.6779645,Pritchardia minor,"for testing purposes only, locality data removed, non-listed species, gps data anonymized 3",sample institution 3,abc289
22.152568994283683,-159.6790083,Pritchardia minor,"for testing purposes only, locality data removed, non-listed species, gps data anonymized 1",sample institution 1,abc290
22.15203474,-159.635801,Pritchardia minor,"for testing purposes only, locality data removed, non-listed species, gps data anonymized 2",sample institution 2,abc291
22.152602392336636,-159.6358988,Pritchardia minor,"for testing purposes only, locality data removed, non-listed species, gps data anonymized 3",sample institution 3,abc292
22.151830050300088,-159.6210036,Pritchardia minor,"for testing purposes only, locality data removed, non-listed species, gps data anonymized 1",sample institution 1,abc293
22.15021150512051,-159.6646008,Pritchardia minor,"for testing purposes only, locality data removed, non-listed species, gps data anonymized 2",sample institution 2,abc294
22.151122968772757,-159.6640346,Pritchardia minor,"for testing purposes only, locality data removed, non-listed species, gps data anonymized 3",sample institution 3,abc295
22.15044476856473,-159.6646837,Pritchardia minor,"for testing purposes only, locality data removed, non-listed species, gps data anonymized 1",sample institution 1,abc296
22.15001272004675,-159.6648674,Pritchardia minor,"for testing purposes only, locality data removed, non-listed species, gps data anonymized 2",sample institution 2,abc297
22.14991909401969,-159.6670134,Pritchardia minor,"for testing purposes only, locality data removed, non-listed species, gps data anonymized 3",sample institution 3,abc298
22.150477478770373,-159.6672149,Pritchardia minor,"for testing purposes only, locality data removed, non-listed species, gps data anonymized 1",sample institution 1,abc299
22.14997208136859,-159.6677171,Pritchardia minor,"for testing purposes only, locality data removed, non-listed species, gps data anonymized 2",sample institution 2,abc300
22.149582942201988,-159.6211842,Pritchardia minor,"for testing purposes only, locality data removed, non-listed species, gps data anonymized 3",sample institution 3,abc301
22.148695211211987,-159.6417263,Pritchardia minor,"for testing purposes only, locality data removed, non-listed species, gps data anonymized 1",sample institution 1,abc302
22.149099644493642,-159.6322363,Pritchardia minor,"for testing purposes only, locality data removed, non-listed species, gps data anonymized 2",sample institution 2,abc303
22.148975668875714,-159.6443479,Pritchardia minor,"for testing purposes only, locality data removed, non-listed species, gps data anonymized 3",sample institution 3,abc304
22.148236037213444,-159.6493081,Pritchardia minor,"for testing purposes only, locality data removed, non-listed species, gps data anonymized 1",sample institution 1,abc305
22.14715878327779,-159.6462844,Pritchardia minor,"for testing purposes only, locality data removed, non-listed species, gps data anonymized 2",sample institution 2,abc306
22.147232132978974,-159.6463608,Pritchardia minor,"for testing purposes only, locality data removed, non-listed species, gps data anonymized 3",sample institution 3,abc307
22.146507683491794,-159.6728527,Pritchardia minor,"for testing purposes only, locality data removed, non-listed species, gps data anonymized 1",sample institution 1,abc308
22.14675332039363,-159.6341566,Pritchardia minor,"for testing purposes only, locality data removed, non-listed species, gps data anonymized 2",sample institution 2,abc309
22.14579536279719,-159.6770694,Pritchardia minor,"for testing purposes only, locality data removed, non-listed species, gps data anonymized 3",sample institution 3,abc310
22.14674644,-159.668473,Pritchardia minor,"for testing purposes only, locality data removed, non-listed species, gps data anonymized 1",sample institution 1,abc311
22.14568004366975,-159.6405295,Pritchardia minor,"for testing purposes only, locality data removed, non-listed species, gps data anonymized 2",sample institution 2,abc312
22.145213112515787,-159.6845697,Pritchardia minor,"for testing purposes only, locality data removed, non-listed species, gps data anonymized 1",sample institution 1,abc313
22.144879537860447,-159.672294,Pritchardia minor,"for testing purposes only, locality data removed, non-listed species, gps data anonymized 2",sample institution 2,abc314
22.143710102115133,-159.6677861,Pritchardia minor,"for testing purposes only, locality data removed, non-listed species, gps data anonymized 3",sample institution 3,abc315
22.144370561645093,-159.6679621,Pritchardia minor,"for testing purposes only, locality data removed, non-listed species, gps data anonymized 1",sample institution 1,abc316
22.14361322820071,-159.6684871,Pritchardia minor,"for testing purposes only, locality data removed, non-listed species, gps data anonymized 2",sample institution 2,abc317
22.143281287531934,-159.6681463,Pritchardia minor,"for testing purposes only, locality data removed, non-listed species, gps data anonymized 3",sample institution 3,abc318
22.14340047031257,-159.6680308,Pritchardia minor,"for testing purposes only, locality data removed, non-listed species, gps data anonymized 1",sample institution 1,abc319
22.143040069423705,-159.6397945,Pritchardia minor,"for testing purposes only, locality data removed, non-listed species, gps data anonymized 2",sample institution 2,abc320
22.142273521253696,-159.6508098,Pritchardia minor,"for testing purposes only, locality data removed, non-listed species, gps data anonymized 3",sample institution 3,abc321
22.141788726776785,-159.6369092,Pritchardia minor,"for testing purposes only, locality data removed, non-listed species, gps data anonymized 1",sample institution 1,abc322
22.141209104726126,-159.651144,Pritchardia minor,"for testing purposes only, locality data removed, non-listed species, gps data anonymized 2",sample institution 2,abc323
22.13999853608478,-159.6951743,Pritchardia minor,"for testing purposes only, locality data removed, non-listed species, gps data anonymized 3",sample institution 3,abc324
22.13875222141259,-159.6864289,Pritchardia minor,"for testing purposes only, locality data removed, non-listed species, gps data anonymized 1",sample institution 1,abc325
22.13902960556513,-159.6866669,Pritchardia minor,"for testing purposes only, locality data removed, non-listed species, gps data anonymized 2",sample institution 2,abc326
22.13820287,-159.654685,Pritchardia minor,"for testing purposes only, locality data removed, non-listed species, gps data anonymized 3",sample institution 3,abc327
22.138541676148154,-159.6544633,Pritchardia minor,"for testing purposes only, locality data removed, non-listed species, gps data anonymized 1",sample institution 1,abc328
22.138098366428974,-159.6538565,Pritchardia minor,"for testing purposes only, locality data removed, non-listed species, gps data anonymized 2",sample institution 2,abc329
22.12762668393707,-159.6121175,Pritchardia minor,"for testing purposes only, locality data removed, non-listed species, gps data anonymized 3",sample institution 3,abc330
22.124957490233964,-159.6836715,Pritchardia minor,"for testing purposes only, locality data removed, non-listed species, gps data anonymized 1",sample institution 1,abc331
22.124530703529167,-159.6415476,Pritchardia minor,"for testing purposes only, locality data removed, non-listed species, gps data anonymized 2",sample institution 2,abc332
22.123863709482727,-159.6203491,Pritchardia minor,"for testing purposes only, locality data removed, non-listed species, gps data anonymized 3",sample institution 3,abc333
22.123872073843447,-159.6383456,Pritchardia minor,"for testing purposes only, locality data removed, non-listed species, gps data anonymized 1",sample institution 1,abc334
22.123715018070733,-159.6388537,Pritchardia minor,"for testing purposes only, locality data removed, non-listed species, gps data anonymized 2",sample institution 2,abc335
22.123515347211786,-159.6350327,Pritchardia minor,"for testing purposes only, locality data removed, non-listed species, gps data anonymized 3",sample institution 3,abc336
22.123618265660102,-159.6361812,Pritchardia minor,"for testing purposes only, locality data removed, non-listed species, gps data anonymized 1",sample institution 1,abc337
22.123061449481106,-159.6363491,Pritchardia minor,"for testing purposes only, locality data removed, non-listed species, gps data anonymized 2",sample institution 2,abc338
22.12018631733643,-159.6328826,Pritchardia minor,"for testing purposes only, locality data removed, non-listed species, gps data anonymized 3",sample institution 3,abc339
22.11649507656189,-159.5923312,Pritchardia minor,"for testing purposes only, locality data removed, non-listed species, gps data anonymized 1",sample institution 1,abc340
22.113116205220845,-159.5962171,Pritchardia minor,"for testing purposes only, locality data removed, non-listed species, gps data anonymized 2",sample institution 2,abc341
22.112980750734092,-159.5953824,Pritchardia minor,"for testing purposes only, locality data removed, non-listed species, gps data anonymized 3",sample institution 3,abc342
22.11309884311605,-159.6100594,Pritchardia minor,"for testing purposes only, locality data removed, non-listed species, gps data anonymized 1",sample institution 1,abc343
22.111681884836127,-159.6007263,Pritchardia minor,"for testing purposes only, locality data removed, non-listed species, gps data anonymized 2",sample institution 2,abc344
22.11238215896162,-159.601658,Pritchardia minor,"for testing purposes only, locality data removed, non-listed species, gps data anonymized 3",sample institution 3,abc345
22.11181354692418,-159.6056582,Pritchardia minor,"for testing purposes only, locality data removed, non-listed species, gps data anonymized 1",sample institution 1,abc346
22.11172084121229,-159.6049595,Pritchardia minor,"for testing purposes only, locality data removed, non-listed species, gps data anonymized 2",sample institution 2,abc347
22.10936297259591,-159.5913599,Pritchardia minor,"for testing purposes only, locality data removed, non-listed species, gps data anonymized 3",sample institution 3,abc348
22.10511612469916,-159.4333912,Pritchardia minor,"for testing purposes only, locality data removed, non-listed species, gps data anonymized 1",sample institution 1,abc349
22.10320484249825,-159.4334615,Pritchardia minor,"for testing purposes only, locality data removed, non-listed species, gps data anonymized 2",sample institution 2,abc350
22.103143210532938,-159.4336678,Pritchardia minor,"for testing purposes only, locality data removed, non-listed species, gps data anonymized 3",sample institution 3,abc351
22.103650712241045,-159.432882,Pritchardia minor,"for testing purposes only, locality data removed, non-listed species, gps data anonymized 1",sample institution 1,abc352
22.102135645119965,-159.5868995,Pritchardia minor,"for testing purposes only, locality data removed, non-listed species, gps data anonymized 2",sample institution 2,abc353
22.101818725999067,-159.5922656,Pritchardia minor,"for testing purposes only, locality data removed, non-listed species, gps data anonymized 3",sample institution 3,abc354
22.10201619,-159.5863157,Pritchardia minor,"for testing purposes only, locality data removed, non-listed species, gps data anonymized 1",sample institution 1,abc355
22.10094673657365,-159.5985421,Pritchardia minor,"for testing purposes only, locality data removed, non-listed species, gps data anonymized 2",sample institution 2,abc356
22.100643108509743,-159.5896076,Pritchardia minor,"for testing purposes only, locality data removed, non-listed species, gps data anonymized 3",sample institution 3,abc357
22.100827842702067,-159.5890704,Pritchardia minor,"for testing purposes only, locality data removed, non-listed species, gps data anonymized 1",sample institution 1,abc358
22.100960323848895,-159.5887666,Pritchardia minor,"for testing purposes only, locality data removed, non-listed species, gps data anonymized 2",sample institution 2,abc359
22.10006032387252,-159.5885912,Pritchardia minor,"for testing purposes only, locality data removed, non-listed species, gps data anonymized 3",sample institution 3,abc360
22.100798132683227,-159.5891568,Pritchardia minor,"for testing purposes only, locality data removed, non-listed species, gps data anonymized 1",sample institution 1,abc361
22.100209963169963,-159.6314132,Pritchardia minor,"for testing purposes only, locality data removed, non-listed species, gps data anonymized 2",sample institution 2,abc362
22.09467048622282,-159.6722137,Pritchardia minor,"for testing purposes only, locality data removed, non-listed species, gps data anonymized 3",sample institution 3,abc363
22.09461228307945,-159.6723383,Pritchardia minor,"for testing purposes only, locality data removed, non-listed species, gps data anonymized 1",sample institution 1,abc364
22.09440565161577,-159.6720247,Pritchardia minor,"for testing purposes only, locality data removed, non-listed species, gps data anonymized 2",sample institution 2,abc365
22.08996947,-159.614996,Pritchardia minor,"for testing purposes only, locality data removed, non-listed species, gps data anonymized 3",sample institution 3,abc366
22.090314632373737,-159.6147701,Pritchardia minor,"for testing purposes only, locality data removed, non-listed species, gps data anonymized 1",sample institution 1,abc367
22.084570105603945,-159.6749145,Pritchardia minor,"for testing purposes only, locality data removed, non-listed species, gps data anonymized 2",sample institution 2,abc368
22.082036783004575,-159.6206681,Pritchardia minor,"for testing purposes only, locality data removed, non-listed species, gps data anonymized 3",sample institution 3,abc369
22.080341256193485,-159.6118289,Pritchardia minor,"for testing purposes only, locality data removed, non-listed species, gps data anonymized 1",sample institution 1,abc370
22.080673387680964,-159.6125795,Pritchardia minor,"for testing purposes only, locality data removed, non-listed species, gps data anonymized 2",sample institution 2,abc371
22.076760845667778,-159.6125625,Pritchardia minor,"for testing purposes only, locality data removed, non-listed species, gps data anonymized 3",sample institution 3,abc372
22.18781707218676,-159.579765,Pritchardia perlmanii,"for testing purposes only, locality data removed, non-listed species, gps data anonymized 1",sample institution 1,abc373
22.186785089382507,-159.581472,Pritchardia perlmanii,"for testing purposes only, locality data removed, non-listed species, gps data anonymized 2",sample institution 2,abc374
22.187149227097173,-159.5816527,Pritchardia perlmanii,"for testing purposes only, locality data removed, non-listed species, gps data anonymized 3",sample institution 3,abc375
22.186187469862244,-159.5803585,Pritchardia perlmanii,"for testing purposes only, locality data removed, non-listed species, gps data anonymized 1",sample institution 1,abc376
22.18633019931243,-159.5813331,Pritchardia perlmanii,"for testing purposes only, locality data removed, non-listed species, gps data anonymized 2",sample institution 2,abc377
22.186031399004115,-159.5808543,Pritchardia perlmanii,"for testing purposes only, locality data removed, non-listed species, gps data anonymized 3",sample institution 3,abc378
22.18506221205343,-159.580455,Pritchardia perlmanii,"for testing purposes only, locality data removed, non-listed species, gps data anonymized 1",sample institution 1,abc379
22.18451862322017,-159.5811613,Pritchardia perlmanii,"for testing purposes only, locality data removed, non-listed species, gps data anonymized 2",sample institution 2,abc380
22.18510977867342,-159.5803329,Pritchardia perlmanii,"for testing purposes only, locality data removed, non-listed species, gps data anonymized 3",sample institution 3,abc381
22.18504378500637,-159.5850901,Pritchardia perlmanii,"for testing purposes only, locality data removed, non-listed species, gps data anonymized 1",sample institution 1,abc382
22.18495693612126,-159.5802013,Pritchardia perlmanii,"for testing purposes only, locality data removed, non-listed species, gps data anonymized 2",sample institution 2,abc383
22.184203378747547,-159.5845939,Pritchardia perlmanii,"for testing purposes only, locality data removed, non-listed species, gps data anonymized 3",sample institution 3,abc384
22.18434579048992,-159.5844844,Pritchardia perlmanii,"for testing purposes only, locality data removed, non-listed species, gps data anonymized 1",sample institution 1,abc385
22.184460042860426,-159.5846502,Pritchardia perlmanii,"for testing purposes only, locality data removed, non-listed species, gps data anonymized 2",sample institution 2,abc386
22.184654238150614,-159.5844243,Pritchardia perlmanii,"for testing purposes only, locality data removed, non-listed species, gps data anonymized 3",sample institution 3,abc387
22.18426397547946,-159.585066,Pritchardia perlmanii,"for testing purposes only, locality data removed, non-listed species, gps data anonymized 1",sample institution 1,abc388
22.171650172229196,-159.6009131,Pritchardia perlmanii,"for testing purposes only, locality data removed, non-listed species, gps data anonymized 2",sample institution 2,abc389
22.167465994903644,-159.6029236,Pritchardia perlmanii,"for testing purposes only, locality data removed, non-listed species, gps data anonymized 3",sample institution 3,abc390
22.162071049029688,-159.4991197,Pritchardia perlmanii,"for testing purposes only, locality data removed, non-listed species, gps data anonymized 1",sample institution 1,abc391
22.151679571536736,-159.4969666,Pritchardia perlmanii,"for testing purposes only, locality data removed, non-listed species, gps data anonymized 2",sample institution 2,abc392
22.151745579850143,-159.4973642,Pritchardia perlmanii,"for testing purposes only, locality data removed, non-listed species, gps data anonymized 3",sample institution 3,abc393
22.151536372451236,-159.4980393,Pritchardia perlmanii,"for testing purposes only, locality data removed, non-listed species, gps data anonymized 1",sample institution 1,abc394
22.151397593789554,-159.4977589,Pritchardia perlmanii,"for testing purposes only, locality data removed, non-listed species, gps data anonymized 2",sample institution 2,abc395
22.15234595,-159.4966728,Pritchardia perlmanii,"for testing purposes only, locality data removed, non-listed species, gps data anonymized 3",sample institution 3,abc396
22.15111594912037,-159.496968,Pritchardia perlmanii,"for testing purposes only, locality data removed, non-listed species, gps data anonymized 1",sample institution 1,abc397
22.152294229046724,-159.4974537,Pritchardia perlmanii,"for testing purposes only, locality data removed, non-listed species, gps data anonymized 2",sample institution 2,abc398
22.151778325584477,-159.4976346,Pritchardia perlmanii,"for testing purposes only, locality data removed, non-listed species, gps data anonymized 3",sample institution 3,abc399
22.14551529426485,-159.4978838,Pritchardia perlmanii,"for testing purposes only, locality data removed, non-listed species, gps data anonymized 1",sample institution 1,abc400
22.145909029618256,-159.4970355,Pritchardia perlmanii,"for testing purposes only, locality data removed, non-listed species, gps data anonymized 2",sample institution 2,abc401
22.11861738588172,-159.5097681,Pritchardia perlmanii,"for testing purposes only, locality data removed, non-listed species, gps data anonymized 3",sample institution 3,abc402
22.119265679537797,-159.509343,Pritchardia perlmanii,"for testing purposes only, locality data removed, non-listed species, gps data anonymized 1",sample institution 1,abc403
22.118403878794112,-159.5095486,Pritchardia perlmanii,"for testing purposes only, locality data removed, non-listed species, gps data anonymized 2",sample institution 2,abc404
22.11033916651803,-159.496611,Pritchardia perlmanii,"for testing purposes only, locality data removed, non-listed species, gps data anonymized 3",sample institution 3,abc405
22.100354097791588,-159.5006477,Pritchardia perlmanii,"for testing purposes only, locality data removed, non-listed species, gps data anonymized 1",sample institution 1,abc406
22.099712761938907,-159.5111061,Pritchardia perlmanii,"for testing purposes only, locality data removed, non-listed species, gps data anonymized 2",sample institution 2,abc407
22.212166921285668,-159.5680072,Pritchardia sp.,"for testing purposes only, locality data removed, non-listed species, gps data anonymized 3",sample institution 3,abc408
22.19778753196375,-159.5849896,Pritchardia sp.,"for testing purposes only, locality data removed, non-listed species, gps data anonymized 1",sample institution 1,abc409
22.189734401085314,-159.5846163,Pritchardia sp.,"for testing purposes only, locality data removed, non-listed species, gps data anonymized 2",sample institution 2,abc410
22.184199037212085,-159.5843431,Pritchardia sp.,"for testing purposes only, locality data removed, non-listed species, gps data anonymized 3",sample institution 3,abc411
22.183223237843546,-159.5838768,Pritchardia sp.,"for testing purposes only, locality data removed, non-listed species, gps data anonymized 1",sample institution 1,abc412
22.153204906977724,-159.4080286,Pritchardia sp.,"for testing purposes only, locality data removed, non-listed species, gps data anonymized 2",sample institution 2,abc413
22.15339605441238,-159.4082236,Pritchardia sp.,"for testing purposes only, locality data removed, non-listed species, gps data anonymized 3",sample institution 3,abc414
22.100290123574723,-159.5925376,Pritchardia sp.,"for testing purposes only, locality data removed, non-listed species, gps data anonymized 1",sample institution 1,abc415
22.095014096825842,-159.6007083,Pritchardia sp.,"for testing purposes only, locality data removed, non-listed species, gps data anonymized 2",sample institution 2,abc416
21.886295225077713,-159.4938594,Pritchardia sp.,"for testing purposes only, locality data removed, non-listed species, gps data anonymized 3",sample institution 3,abc417
22.157711955114802,-159.5173997,Pritchardia waialealeana,"for testing purposes only, locality data removed, non-listed species, gps data anonymized 1",sample institution 1,abc418
22.142282953975936,-159.4512645,Pritchardia waialealeana,"for testing purposes only, locality data removed, non-listed species, gps data anonymized 2",sample institution 2,abc419
22.140470759343117,-159.4485619,Pritchardia waialealeana,"for testing purposes only, locality data removed, non-listed species, gps data anonymized 3",sample institution 3,abc420
22.137647195932658,-159.434836,Pritchardia waialealeana,"for testing purposes only, locality data removed, non-listed species, gps data anonymized 1",sample institution 1,abc421
22.13555661397097,-159.4459523,Pritchardia waialealeana,"for testing purposes only, locality data removed, non-listed species, gps data anonymized 2",sample institution 2,abc422
22.10888417283734,-159.4405671,Pritchardia waialealeana,"for testing purposes only, locality data removed, non-listed species, gps data anonymized 3",sample institution 3,abc423
22.109220076064155,-159.4399202,Pritchardia waialealeana,"for testing purposes only, locality data removed, non-listed species, gps data anonymized 1",sample institution 1,abc424